﻿<?xml version="1.0" encoding="utf-8"?>
<contentitemdata.dancinggoat.coffee>
  <CoffeeProcessing>
    <![CDATA[[{"Identifier":"a4361d0e-c08e-4738-8dbe-cd009818f8d6"},{"Identifier":"b5a37b3e-e22c-4a59-84ff-cc8af05edcff"}]]]>
  </CoffeeProcessing>
  <CoffeeShortDescription>
    <![CDATA[The Colombian gold in the form of top quality coffee, recognizable for its character.]]>
  </CoffeeShortDescription>
  <CoffeeTastes>
    <![CDATA[[{"Identifier":"af7934d5-aba8-45ef-ba7b-10f83956ca26"}]]]>
  </CoffeeTastes>
  <ContentItemDataCommonDataID>
    <GUID>b6642ea7-7595-44c9-873c-f3f55e0afc43</GUID>
    <ObjectType>cms.contentitemcommondata</ObjectType>
    <Parent>
      <CodeName>ColombiaCarlosImbachi-t5ps0qy3</CodeName>
      <GUID>d81c0256-89eb-4e1f-88d2-34d8beefe8f6</GUID>
      <ObjectType>cms.contentitem</ObjectType>
    </Parent>
  </ContentItemDataCommonDataID>
  <ContentItemDataGUID>6b1b1f55-309a-410c-9ae1-07930b5d7355</ContentItemDataGUID>
  <Description>
    <![CDATA[<p id="isPasted">As a part of our farmer-direct Colombia program, we bring you a special (above 88!) farm-specific number. We had some very special cupping samples sent to us straight from Colombia. And although they were all fantastic, this one really stood out from the others. Previously, we offered the "First Place SCAA Coffee of the Year" Carlos Imbachi. Just so you know what we're on about here, the famous Panama Esmeralda Especial Gesha ended up in 2nd place to Carlos Imbachi. Take this as another testament to the greatness and potential of Colombian coffee.</p><p><br></p><p>One cupping of this specialty was enough to recognize the unprecedented quality and character of this coffee. Mr. Imbachi's farm is located in the San Augustin region of Hulia, where he grows this coffee at an altitude of 5,700 feet.</p>]]>
  </Description>
  <Image>
    <![CDATA[[{"Identifier":"0313c4b9-b165-4d4c-b22d-798065d46adf"}]]]>
  </Image>
  <Name>Colombia Carlos Imbachi</Name>
</contentitemdata.dancinggoat.coffee>