﻿<?xml version="1.0" encoding="utf-8"?>
<cms.contentitem>
  <ContentItemContentTypeID>
    <CodeName>DancingGoat.Image</CodeName>
    <GUID>fd1947a4-e04b-441b-a76c-1ed826fb766e</GUID>
    <ObjectType>cms.contenttype</ObjectType>
  </ContentItemContentTypeID>
  <ContentItemGUID>fe59453e-5e59-422f-97b7-0da25ac54354</ContentItemGUID>
  <ContentItemIsReusable>True</ContentItemIsReusable>
  <ContentItemIsSecured>False</ContentItemIsSecured>
  <ContentItemName>Grinder_HarioSkertonHandGrinder-kte265l3</ContentItemName>
</cms.contentitem>