﻿<?xml version="1.0" encoding="utf-8"?>
<cms.contentitemcommondata>
  <ContentItemCommonDataContentItemID>
    <CodeName>ColombiaCarlosImbachi-t5ps0qy3</CodeName>
    <GUID>d81c0256-89eb-4e1f-88d2-34d8beefe8f6</GUID>
    <ObjectType>cms.contentitem</ObjectType>
  </ContentItemCommonDataContentItemID>
  <ContentItemCommonDataContentLanguageID>
    <CodeName>en</CodeName>
    <GUID>e4a8fb12-ebc2-45d0-930f-c9fba2780c85</GUID>
    <ObjectType>cms.contentlanguage</ObjectType>
  </ContentItemCommonDataContentLanguageID>
  <ContentItemCommonDataGUID>b6642ea7-7595-44c9-873c-f3f55e0afc43</ContentItemCommonDataGUID>
  <ContentItemCommonDataIsLatest>True</ContentItemCommonDataIsLatest>
  <ContentItemCommonDataLastPublishedWhen>2024-01-10 09:51:06Z</ContentItemCommonDataLastPublishedWhen>
  <ContentItemCommonDataVersionStatus>2</ContentItemCommonDataVersionStatus>
  <ContentItemReferences>
    <cms.contentitemreference>
      <ContentItemReferenceGroupGUID>e724314d-02c6-46e5-ba00-204c1c88c006</ContentItemReferenceGroupGUID>
      <ContentItemReferenceGUID>d6a8f2d0-8bb8-4b18-a8b4-ea11c3cc5199</ContentItemReferenceGUID>
      <ContentItemReferenceSourceCommonDataID>
        <GUID>b6642ea7-7595-44c9-873c-f3f55e0afc43</GUID>
        <ObjectType>cms.contentitemcommondata</ObjectType>
      </ContentItemReferenceSourceCommonDataID>
      <ContentItemReferenceTargetItemID>
        <CodeName>Products_Colombia.jpg-pkmhet0j</CodeName>
        <GUID>0313c4b9-b165-4d4c-b22d-798065d46adf</GUID>
        <ObjectType>cms.contentitem</ObjectType>
      </ContentItemReferenceTargetItemID>
    </cms.contentitemreference>
  </ContentItemReferences>
</cms.contentitemcommondata>