﻿<?xml version="1.0" encoding="utf-8"?>
<contentitemdata.dancinggoat.coffee>
  <CoffeeProcessing>
    <![CDATA[[{"Identifier":"b5a37b3e-e22c-4a59-84ff-cc8af05edcff"}]]]>
  </CoffeeProcessing>
  <CoffeeShortDescription>
    <![CDATA[A passionate traditional Salvadorian coffee with the creamy sensation of a sweet chocolate taste, suitable for all types of preparation.]]>
  </CoffeeShortDescription>
  <CoffeeTastes>
    <![CDATA[[{"Identifier":"f2dab53e-dd76-4e3d-a9e4-f86510ff0e42"}]]]>
  </CoffeeTastes>
  <ContentItemDataCommonDataID>
    <GUID>8b206b02-aee2-4b4b-a838-926b0aeea558</GUID>
    <ObjectType>cms.contentitemcommondata</ObjectType>
    <Parent>
      <CodeName>ElSalvadorFincaSanJose-nr6bglxm</CodeName>
      <GUID>818df78b-353d-4863-8e9d-287040051249</GUID>
      <ObjectType>cms.contentitem</ObjectType>
    </Parent>
  </ContentItemDataCommonDataID>
  <ContentItemDataGUID>b32ed1c6-c8f3-4b34-932a-c17381c0203b</ContentItemDataGUID>
  <Description>
    <![CDATA[<p id="isPasted">This coffee comes from a family business in El Salvador and you can really feel that this coffee is made with a passion and tradition that that has lasted three centuries. The smooth, creamy mouth sensation is something you just must try. It doesn't matter if you prefer espresso or a sundae, El Salvador Finca San Jose is one of the El Salvador's finest.</p><p><br></p><p>Taste Finca and you will never forget its clean, sweet chocolate taste of cherries and oranges.</p>]]>
  </Description>
  <Image>
    <![CDATA[[{"Identifier":"279bb55f-81e3-4d93-9cff-8372dc34cdc5"}]]]>
  </Image>
  <Name>El Salvador Finca San Jose</Name>
</contentitemdata.dancinggoat.coffee>